198,OMA,Oman,0,0,0,0
277,AUT,Breslau,0,0,0,0
322,FRA,Carabinier-5,0,0,0,0
323,FRA,Pettit-Poucet-6,0,0,0,0
324,FRA,Carabinier-15,0,0,1,1
232,ESP,Galerna,0,0,0,0
366,TTO,Firebird II,0,0,0,0
385,YUG,Konstanz,0,0,0,0
394,GBR,Mistral Hojris,0,0,0,0
401,POR,Symphony,0,2,0,2
418,BRA,Inca,0,0,0,0
420,AUS,Relampago,0,0,0,0
342,DEN,Snap,3,0,0,3
296,THA,Linglom,0,0,0,0
457,NBO,North Borneo,0,0,0,0
430,DEN,Snude,0,0,0,0
415,WIF,Circus,0,0,0,0
482,FRA,Whitini Star,0,0,0,0
489,GRE,Nikh,0,0,0,0
249,PUR,Puerto Rico-2,0,0,0,0
468,BRA,Buscape II,0,0,0,0
520,SWE,Briar,0,0,0,0
524,CAN,Gran Gesto,0,0,0,0
537,SUI,Ali-Baba IV,0,0,0,0
538,SUI,Ali-Baba VI,0,0,0,0
539,SUI,Ali-Baba IX,0,0,0,0
443,RHO,Peri,0,0,0,0
572,GBR,Brynhild-2,0,1,0,1
582,GER,Elvis Va,0,0,1,1
434,ITA,Italy-3,0,0,0,0
619,FRA,Calimucho,0,0,0,0
446,THA,Siames-Cat,0,0,0,0
628,DEN,Kiel,0,0,0,0
410,NOR,Nora,0,0,0,0
523,AUS,Gabbiano,0,0,0,0
533,BEL,Edelweiss II-1,0,0,3,3
663,FRA,Tournade-40,0,0,0,0
664,FRA,Tornade-16,0,0,0,0
673,FRA,Rozenn-3,0,0,0,0
556,ZIM,Peri II,0,0,0,0
602,FRA,Eissero VI,0,0,0,0
694,FRA,Plume-patte-32,0,0,0,0
695,FRA,Plume-Patte-5,0,0,0,0
696,FRA,Pierre et Jean-3,0,0,0,0
697,FRA,Pierre et Jean-4,0,0,0,0
703,FRA,Souvenance,0,0,0,0
707,CUB,Kurush II,0,2,0,2
705,CUB,Kurush IV,0,0,0,0
706,CUB,Vesania,0,0,0,0
709,FRA,Crabe I-11,0,0,0,0
710,FRA,Crabe I-3,0,0,0,0
711,FRA,Crabe I-2,0,0,0,0
699,ESP,Fruits,0,0,0,0
510,MEX,Chamukina,0,0,0,0
171,MEX,Xolotl,0,0,0,0
450,ITA,Ausonia,0,0,0,0
724,SUI,Lerina,0,3,3,6
720,ITA,Pegaso,0,0,0,0
327,MON,Hirondelle,0,0,0,0
396,MRI,Mauritius-2,0,0,0,0
637,ITA,Venilia,3,0,0,3
714,FRA,United States/France,0,2,0,2
231,IRL,The Cloud,0,0,0,0
738,FRA,Hb-24,0,0,0,0
739,FRA,Hb-20,0,0,0,0
601,ITA,Barion/Bari-2,0,3,0,3
748,CAN,Dresden,0,0,0,0
475,RSA,South Africa-2,0,0,0,0
750,FRA,Mignon-29,0,0,0,0
751,FRA,Mignon-3,1,0,0,1
593,AUS,Paula,0,0,0,0
760,POR,Oxalis,0,0,0,0
667,CUB,Cuba-1,0,0,0,0
372,YUG,Primorka,0,0,0,0
802,ITA,Augsburg,0,0,0,0
769,FRA,France-4,0,0,0,0
573,VEN,Espuma del Mar,0,0,0,0
329,AUT,Evita VI,0,0,0,0
491,BRA,Andorinha,0,0,0,0
376,POR,Grifo IV,0,0,0,0
715,POR,Vicking,0,0,0,0
698,POR,Espadarte,2,0,0,2
531,ITA,Bucintoro Venezia-1,0,0,3,3
837,NFL,Newfoundland,0,0,0,0
610,FRA,Allegro,0,0,0,0
732,FRA,Socit Nautique de la Basse Seine-2,0,0,0,0
731,FRA,Socit Nautique de la Basse Seine-1,3,5,0,8
755,AUS,Naiad,0,0,0,0
756,AUS,Pakaria,0,0,0,0
845,JPN,Essen,0,0,0,0
721,BEL,Girl Pat,0,0,0,0
852,FRA,Cinara-13,0,0,0,0
826,AUT,Brigantia,0,0,0,0
511,MEX,Nausikaa 4,0,0,0,0
856,FRA,Baby-9,0,0,0,0
857,FRA,Baby-1,1,0,1,2
858,FRA,Femur-18,0,0,0,0
859,FRA,Femur-1,0,0,1,1
861,FRA,Colette-10,0,0,0,0
862,FRA,Colette-12,0,0,0,0
804,CAN,Ariel,0,0,0,0
873,GBR,Quicksilver-2,0,0,0,0
658,FRA,Calypse II,0,0,0,0
828,POR,Espardate,0,0,0,0
402,POR,Sjhxa,0,0,0,0
404,POR,Ciocca III,0,0,0,0
577,MON,Monaco-2,0,0,0,0
761,FRA,Gitana-21,0,0,0,0
762,FRA,Gitana-2,5,5,0,10
623,MYA,Kingfisher,0,0,0,0
624,MYA,Yangon,0,0,0,0
432,DEN,Web II,0,3,0,3
863,GER,Germany/United States,0,0,0,0
499,FRA,Cercle de l'Aviron Roubaix-4,0,0,5,5
914,HUN,Knigsberg,0,0,0,0
915,DEN,Don Schufro,1,0,0,1
629,NOR,KNS,0,0,0,0
722,FRA,Fada,0,0,0,0
929,BRA,Lbeck,0,0,0,0
932,NED,Beatrijs III-1,0,0,3,3
933,GBR,Lancet,0,0,0,0
937,JPN,Whisper,0,0,0,0
651,SGP,June Climene,0,0,0,0
193,SWE,Bissbi,0,0,4,4
883,IRL,Three Leaves,0,0,0,0
945,GBR,Laurea-1,1,0,0,1
413,RSA,Shoveller,0,0,0,0
946,USA,Skidoo,0,0,0,0
816,GBR,Dylan-2,0,0,0,0
905,GBR,Johan,0,0,0,0
633,URS,Kon-Tiki,0,0,0,0
187,GBR,Yeoman XII,0,0,0,0
639,MRI,Mauritius-1,0,0,0,0
963,DEN,Clearwater,1,0,0,1
964,USA,Angerburg,0,0,0,0
839,NOR,Fram III,0,0,0,0
486,SWE,Slaghoken,0,3,0,3
866,SGP,Rika II,0,0,0,0
508,SWE,Gteborgs Roddfrening-2,0,0,0,0
688,BER,Bermudes,0,0,0,0
968,FRA,Dick-8,0,0,0,0
275,FIN,rn-2,0,0,0,0
974,NED,Nrnberg,0,0,1,1
977,SWE,Hayama,0,0,0,0
592,SWE,Mari,0,0,0,0
966,USA,United States-8,0,0,0,0
727,NED,St. Margrite,0,0,0,0
773,BAH,Guanahani,0,0,0,0
983,GER,Bonaparte,0,0,1,1
265,CAM,GyoshuII,0,0,0,0
985,USA,Mythilus,0,0,0,0
986,JPN,Rambo,0,0,0,0
987,SWE,Floresco,0,0,0,0
808,GBR,Gem II,0,0,0,0
809,BAH,Gem III,0,0,0,0
810,BAH,Gem IV,2,0,0,2
811,BAH,Gem VII,0,0,0,0
650,BAH,Gem,0,0,2,2
982,BAH,Bim,0,0,0,0
801,YUG,Cha-Cha III,0,0,0,0
626,NOR,Sonja II,0,0,0,0
998,GER,Rostock,0,1,0,1
877,BLR,Belarus-2,0,0,0,0
774,UNK,Unknown,0,0,0,0
526,ARG,Covunco III,0,0,0,0
243,ESP,Tajamar,0,0,0,0
719,BEL,Belgium-4,0,0,0,0
820,CUB,Cuba-2,0,0,0,0
433,DEN,Web III,0,0,0,0
1002,URU,Heidelberg,0,0,0,0
562,FRA,LaBandera,0,0,0,0
1003,FRA,Amulet-7,0,0,0,0
1004,FRA,Amulet-3,0,0,0,0
1006,FRA,Crocodile-13,0,0,0,0
1007,FRA,Crocodile-11,0,0,0,0
478,FRA,Olle,0,0,6,6
717,FRA,Virginie,0,0,0,0
1008,FRA,Leipzig,0,0,0,0
548,FRA,Snowten III,0,0,0,0
1010,FRA,Alcyon-6,0,0,0,0
1011,FRA,Alcyon-7,0,0,0,0
1012,FRA,Suzon IV-39,0,0,0,0
1013,FRA,Suzon IV-5,0,0,0,0
546,FRA,Pigoule,0,0,0,0
919,CAN,Syndi,0,0,0,0
1014,FRA,Mascaret-28,0,0,0,0
1015,FRA,Mascaret-4,0,0,0,0
498,FRA,L'Aile VI,0,0,6,6
767,FRA,Galopin-20,0,0,0,0
768,FRA,Galopin-9,0,0,0,0
965,SGP,Singapore-2,0,0,0,0
882,USA,Jupiter,0,0,2,2
976,INA,Tengiri,0,0,0,0
832,FIN,Xantippa,0,0,0,0
270,BEL,Dolfijn,0,0,0,0
606,HKG,Hong Kong-1,0,0,0,0
649,CAN,SagaII,0,0,0,0
507,POR,Calcinhas,0,0,0,0
980,GRE,Ethnikos Gymnastikos Syllogos,2,0,0,2
896,GER,Deutscher Schwimm Verband Berlin,0,0,4,4
426,NOR,Sirene,0,0,2,2
805,NOR,Encore,0,3,0,3
745,NOR,Viking,0,0,0,0
683,NOR,Elisabeth V,0,0,3,3
1000,GRE,Olympion,0,0,0,0
1023,NED,Holland,0,0,0,0
1028,USA,Frimousse,1,0,0,1
704,BEL,Meteor,0,0,0,0
454,GER,Tom Kyle,0,0,0,0
681,IRL,Akatonbo,0,0,0,0
1032,FRA,Gyp-23,0,0,0,0
1033,FRA,Gyp-6,0,0,0,0
280,FRA,Club Nautique de Dieppe-5,0,0,0,0
674,NZL,Jest,0,0,2,2
338,GBR,Bluebottle,3,0,0,3
901,GBR,Salamander,0,0,0,0
380,FRA,Nina Claire-30,0,0,0,0
383,FRA,Nina Claire-2,4,0,0,4
909,SSD,South Sudan,0,0,0,0
893,SWE,Sass-2,0,0,0,0
462,DEN,Chok,0,0,0,0
1035,FRA,Pirouette-31,0,0,0,0
1036,FRA,Pirouette-5,0,0,0,0
583,ITA,Romolo,0,0,0,0
796,BER,Oleander II,0,0,0,0
819,FRA,Cercle Nautique de Reims-4,0,0,0,0
428,FRA,Socit Nautique de Bayonne-1,3,0,0,3
911,SWE,Chance,0,0,0,0
677,GBR,Scotia,0,0,6,6
679,AUT,"R.-V. Germania, Leitmeritz",0,0,0,0
867,URS,Korshun,0,0,0,0
541,USA,"BLO Polo Club, Rugby",0,4,0,4
1046,USA,Brentina,0,0,0,0
906,JAM,Jamaica-2,0,0,0,0
692,USA,United States-7,0,0,0,0
936,USA,Ravenswood Boat Club-2,0,2,0,2
671,GBR,Dormy-1,0,0,3,3
990,NOR,Lucky,0,0,0,0
417,USA,Widgeon,2,0,0,2
632,URS,Uragan,0,0,0,0
590,SWE,Lotta IV,0,0,0,0
375,POR,Grifo III,0,0,0,0
1047,GBR,Nan-2,0,0,0,0
480,POR,Camelia,0,0,0,0
1048,POR,Hannover,0,0,0,0
181,GER,Mutafo,0,3,0,3
575,FRA,Pupilles de Neptune de Lille #2-1,8,0,0,8
636,ARG,Antares,0,0,0,0
743,GRE,Pan-Hellenic Athletic Club,0,0,0,0
656,SUI,Ballerina IV,3,0,0,3
1055,FRA,Jeanette-25,0,0,0,0
1056,FRA,Jeannette-18,0,0,0,0
1057,FRA,Turquoise-1,1,0,0,1
1049,FRA,Scamasaxe-34,0,0,0,0
1050,FRA,Scamasaxe-2,2,0,0,2
1051,FRA,Scamasaxe-3,0,2,0,2
1058,FRA,Turquoise-3,0,0,0,0
840,ARG,Mizar,0,0,0,0
1061,NED,Nadine,0,1,0,1
262,ROT,Refugee Olympic Athletes,0,0,0,0
603,USA,New York Athletic Club-4,0,0,0,0
1063,GBR,Twinkle,0,0,0,0
1065,FRA,Ducky-16,0,0,0,0
1066,FRA,Ducky-4,0,0,0,0
519,FRA,Namoussa,5,0,0,5
910,SWE,Sweden-4,0,0,0,0
939,HUN,Balaton,0,0,0,0
201,FRA,France-3,2,0,2,4
1068,FRA,Souriceau-38,0,0,0,0
1069,FRA,Souriceau-4,0,0,0,0
952,AUT,Surprise,0,0,0,0
490,GBR,Swift,0,0,2,2
300,NOR,Elisabeth X,0,5,0,5
534,ITA,Bamba,0,0,0,0
1073,FRA,Marsouin-26,0,0,0,0
1074,FRA,Marsouin-8,0,0,0,0
925,FRA,Sandra,0,0,0,0
1071,GBR,Lady C,0,2,0,2
913,RSA,Yeoman V,0,0,0,0
799,FIN,Tu-Fri,0,0,0,0
723,BRA,Bu III,0,0,0,0
1038,ITA,Mebi,0,0,0,0
435,ITA,Pistoja/Firenze,9,0,0,9
1086,CAN,Pop Art,0,0,0,0
82,NOR,Fornebo,0,4,0,4
823,SUI,Ylliam II,0,0,0,0
836,FIN,Helsingfors R. K.,0,0,0,0
1091,FIN,Bremen,0,0,0,0
518,FIN,Lucky Star,0,0,0,0
1092,AUS,Quando Quando,0,0,0,0
890,ESP,Pasodoble,0,0,0,0
627,DEN,Jill,0,0,0,0
958,JPN,Boreas,0,0,0,0
959,JPN,MitaII,0,0,0,0
281,NOR,Norna,0,0,4,4
591,SWE,Saga-2,0,0,0,0
473,NOR,Ormsund Roklub-2,5,0,0,5
144,NGR,Nigeria-2,0,0,0,0
665,SWE,Galejan,0,0,0,0
210,URS,Burevestnik,0,0,0,0
611,FRA,Gam II,0,0,0,0
899,USA,Shrew II,2,0,0,2
874,URS,Viktoriya,0,0,0,0
999,RUS,Norman-1,0,0,0,0
234,DEN,Nykjbings paa Falster,0,0,5,5
163,NOR,Stella-2,3,0,0,3
230,FRA,USFSA,0,13,0,13
1100,CAN,Manana,0,0,0,0
477,CAN,Winnipeg Shamrocks-1,0,0,12,12
456,FRA,Esterel-1,0,0,2,2
1103,FRA,Diabolo St Maurice,0,0,0,0
1009,FRA,Red Indian,0,0,0,0
563,FRA,Gilliatt V,0,0,0,0
742,GBR,Unique,0,0,0,0
503,GBR,Vision,0,4,0,4
1104,USA,Ravel,0,0,0,0
833,DEN,Skum,0,2,0,2
834,DEN,Miss Denmark 1964,0,0,0,0
923,NZL,New Zealand-1,0,0,0,0
924,FRA,Tramontane,0,0,0,0
252,ESP,Amolgavar,0,0,0,0
708,ESP,Canopus,0,0,0,0
597,ARG,Acturus,0,0,0,0
1107,SUI,Kln,0,0,0,0
1108,FRA,Demi-Mondaine-15,0,0,0,0
1109,FRA,Demi-Mondaine-17,0,0,0,0
1114,POR,Notavel,0,0,0,0
1115,POR,Galopin De La Font,0,0,0,0
1030,POR,Portugal-2,0,0,0,0
736,FRA,Frip IV,0,0,0,0
1039,SLO,Slovenia-2,0,0,0,0
584,ITA,Aldebaran II,0,0,0,0
1082,BRA,Pimm,0,0,0,0
356,GBR,Fortuna,0,0,0,0
357,GBR,Starlight III,0,0,0,0
701,FRA,Sidi Fekkar-36,0,0,0,0
702,FRA,Sidi-Fekkar-14,0,0,0,0
445,THA,Tichiboo,0,0,0,0
1031,FRA,France/Great Britain,0,2,0,2
718,MEX,Acipactli,0,0,0,0
930,BAH,Yeoman,0,0,0,0
1019,BAH,Combine,0,0,0,0
333,BLR,Belarus-1,0,0,0,0
652,AUS,Cambria,0,0,0,0
1119,GBR,Cicely-1,0,0,1,1
1120,POR,Ma'Lindo,0,2,0,2
305,FRA,Guyoni,3,0,0,3
437,ESP,Posillipo III,0,0,0,0
384,FRA,Qu'Importe,0,0,0,0
149,BRA,Clementine V,0,0,0,0
725,FRA,"Bagatelle Polo Club, Paris",4,0,0,4
502,FRA,Compigne Polo Club,0,0,0,0
368,USA,Christian Brothers' College-1,0,11,0,11
421,GBR,Foxhunters Hurlingham,0,0,5,5
1088,RSA,South Africa-1,0,0,0,0
907,GBR,Andromeda,0,0,0,0
408,GER,Dinah V,0,0,0,0
884,USA,"Philadelphia Turngemeinde, Philadelphia",0,0,6,6
449,ITA,Italia,0,0,6,6
319,ITA,Ciocca II,0,0,0,0
1118,USA,Comanche,0,2,0,2
1125,CAN,Orion,0,0,0,0
1117,POR,Portugal-1,0,0,0,0
1095,USA,Tineke,0,0,0,0
560,SUI,Pousse-Moi Pas VII,0,0,0,0
854,GER,Tantalus,0,0,0,0
783,GRE,Omilos Ereton Peiraios-2,0,0,0,0
903,SWE,Ingegerd,0,0,0,0
912,GBR,Brat,0,0,0,0
536,USA,Boston Archers,4,0,0,4
960,BRA,Escapade,0,0,0,0
682,BRA,Terrible,0,0,0,0
484,NOR,Bera,0,0,5,5
917,SWE,Aloha II,0,0,0,0
460,GBR,Heroine,0,0,4,4
829,GBR,Australia/Great Britain,2,0,0,2
897,CAN,Jet,0,0,0,0
1020,FRA,Stade Franais AC-2,0,0,0,0
920,BRA,Vento Sul,0,0,0,0
173,ARG,Matrero II,0,0,0,0
371,USA,"Passaic Turnverein, Passaic",0,0,0,0
843,USA,"Socialer Turnverein, Detroit",0,0,0,0
729,USA,Aphrodite,3,0,0,3
285,GEQ,Equatorial Guinea,0,0,0,0
838,GBR,Emily,0,5,0,5
1131,FRA,Verveine-41,0,0,0,0
1132,FRA,Verveine-19,0,0,0,0
771,USA,Rhythm,0,0,0,0
483,PUR,Puerto Rico-1,0,0,0,0
642,FRA,Libellule de Paris-3,0,0,0,0
1134,FRA,Ariette-8,0,0,0,0
1135,FRA,Ariette-10,0,0,0,0
227,FRA,Cupidon Viking,0,0,0,0
881,SUI,Alain IV,0,0,0,0
228,FRA,Damoiselle,0,0,0,0
902,DEN,Denmark-3,0,0,0,0
517,NOR,Jo,0,0,3,3
686,USA,New York Athletic Club #1-1,0,0,4,4
186,GBR,Yeoman VII,0,0,0,0
669,USA,United States-6,0,0,0,0
259,GER,Favorite Hammonia-3,6,0,0,6
1136,AUS,Greenoaks Dundee,0,0,0,0
807,USA,Seawanhaka Boat Club-1,0,0,2,2
1016,POL,Poland-3,0,0,0,0
416,IRL,Aletta,0,0,0,0
638,CUB,Hatuey,0,0,0,0
1137,FRA,Fantlet-2,0,0,0,0
1138,FRA,Fantlet-7,0,0,1,1
453,URU,Nortazo,0,0,0,0
672,ITA,Umberta V,0,0,0,0
605,ISR,Israel-1,0,0,0,0
316,GRE,Nautikos Omilos-3,0,0,0,0
570,ARG,Tango,0,3,0,3
1130,ITA,Enotria,0,0,0,0
320,ITA,Mirtala,0,0,0,0
196,YEM,Yemen,0,0,0,0
66,YAR,North Yemen,0,0,0,0
255,SWE,Ali-Baba II,5,0,0,5
779,SWE,May Be,5,0,0,5
256,SWE,May Be VII,0,0,0,0
586,POR,Argus,0,0,0,0
425,SWE,Erna Signe,0,10,0,10
813,FIN,Chaje II,0,0,0,0
272,CPV,Cape Verde,0,0,0,0
328,SWE,Kerstin-1,3,0,0,3
1087,AUS,Barrenjoey,0,0,3,3
374,FRA,Racing Club de France,0,11,0,11
585,ITA,Aldebaran,0,0,0,0
1041,JPN,Japan-3,0,0,0,0
1090,UZB,Uzbekistan-2,0,0,0,0
440,FRA,Club Nautique de Franais-1,0,0,0,0
178,YMD,South Yemen,0,0,0,0
685,FIN,Rififi,0,0,0,0
1093,AUT,Donar III,0,0,0,0
293,FRA,EA II,0,0,0,0
84,USA,Vesper Boat Club,0,0,18,18
1142,NED,Sunrise,0,1,0,1
309,USA,"La Salle Turnverein, Chicago",0,0,0,0
880,FIN,Finland-2,0,0,0,0
684,NOR,Studenternes Roklub-2,0,0,0,0
712,FRA,Gwendoline-22,0,0,0,0
713,FRA,Gwendoline-2,3,0,0,3
772,USA,"Turnverein Vorwrts, Chicago",0,0,0,0
631,SUI,Tim-Tam III,0,0,0,0
879,FIN,Finland-1,0,0,0,0
1144,GBR,Potsdam,1,0,0,1
377,USA,Bingo,3,0,0,3
957,BOH,Bohemia-3,0,0,0,0
831,USA,Milwaukee Athletic Club-1,0,0,5,5
298,NOR,Mosk II,0,0,7,7
1145,FRA,Giselle-6,0,0,0,0
1025,USA,United States-12,0,0,0,0
493,ARG,Cupidon III,0,0,0,0
1124,UZB,Uzbekistan-1,0,0,0,0
870,MEX,Tlaloc,0,0,0,0
940,SWE,Kuling,0,0,0,0
63,MDV,Maldives,0,0,0,0
214,URS,Olen,0,0,0,0
1110,URS,Nokaut II,0,0,0,0
1111,URS,Almaz,0,0,0,0
363,GBR,London City Police-1,0,0,8,8
236,IRL,Ireland-2,0,12,0,12
886,EUN,Unified Team-3,0,0,0,0
1112,URS,Tulilind,0,0,0,0
240,URS,Tornado,0,3,2,5
11,URS,Taifun,0,0,5,5
458,ARG,Wiking,0,0,0,0
399,ARG,Pampero,0,0,0,0
1102,ARG,Rampage,0,0,0,0
1148,ARG,Ardilla,0,0,0,0
559,SUI,Fantasio III,0,0,0,0
766,USA,"Central Turnverein, Chicago",6,0,0,6
218,FIN,Heatherbell,7,0,0,7
403,POR,Faneca,0,0,0,0
668,MHL,Marshall Islands,0,0,0,0
891,SWE,Freja,0,0,0,0
885,SWE,K.S.S.S. 1912-2,0,0,0,0
411,NOR,Monica,0,0,0,0
806,GBR,Feo,0,0,0,0
195,GRE,Greece-3,0,0,0,0
448,IND,India-1,0,0,0,0
1153,USA,Hilarius,0,0,2,2
798,DEN,Roklubb Kbnhavn-2,0,0,0,0
310,USA,Gallant,0,5,0,5
950,USA,Minotaur,0,0,3,3
1017,GBR,Sibindi-2,0,0,0,0
615,USA,United States-9,0,0,0,0
474,GBR,Chuckles,2,0,0,2
470,NOR,Norway-3,0,0,0,0
653,BER,Oleander XII,0,0,0,0
378,MON,Damoiselle IV,0,0,0,0
797,NOR,Apache,0,0,0,0
365,GBR,Sabre,0,0,0,0
675,GBR,Magdalen College Boat Club-1,0,0,4,4
472,NOR,Kristiania Roklub,0,0,0,0
872,ITA,Aretusa,0,0,0,0
847,ITA,Argeste,0,0,0,0
424,USA,"Norwegier Turnverein, Brooklyn",0,0,0,0
427,FRA,Socit Nautique de Bayonne-2,5,0,0,5
641,DEN,Morena,0,0,0,0
928,NOR,Eleda,0,0,7,7
387,GBR,Mouchette-2,0,10,0,10
321,LCA,Saint Lucia,0,0,0,0
661,ITA,Ciocca,0,0,0,0
587,ITA,Galatea II,0,0,0,0
588,ITA,Twins VIII,0,0,0,0
1054,GER,Bellatrix XIII,0,0,0,0
239,CAN,Mohawk Indians-2,12,0,0,12
997,SLO,Slovenia-1,0,0,0,0
1146,USA,United States-13,0,0,0,0
600,FIN,Teresita,0,0,0,0
770,GER,Berliner Ruderclub,2,0,0,2
955,BEL,Ciss,0,0,0,0
644,GBR,"Osborne Swimming Club, Manchester",0,0,7,7
1154,RSA,Hakahana,0,0,0,0
647,GBR,Saskia,0,0,0,0
412,SWE,Kullan,0,0,3,3
282,NOR,Fram,0,0,0,0
455,GER,Tilly,0,0,0,0
388,DEN,Dansk Idrts Forbund,0,0,0,0
792,FIN,Finn II,0,0,0,0
655,SUI,Ylliam VII,0,0,0,0
612,SUI,Ylliam VIII,0,0,0,0
447,SWZ,Swaziland,0,0,0,0
565,USA,Trans-Mississippi Golf Association-2,0,10,0,10
535,USA,Rush IV,0,0,0,0
741,USA,Century Boat Club-1,0,0,4,4
463,NOR,Atlanta,0,0,9,9
689,GBR,England,0,1,0,1
1156,JAM,Jamaica-1,0,0,0,0
824,GDR,East Germany-3,0,0,0,0
335,GER,Bronia,0,0,0,0
956,AUS,Australia-3,0,0,0,0
407,RUS,Gallia II,7,0,0,7
1128,ITA,Legionario,0,0,0,0
1126,ITA,Merope,0,0,2,2
1129,ITA,Merope III,0,2,0,2
1062,ITA,Grifone,0,0,0,0
439,USA,"Turnverein Vorwrts, Cleveland",0,0,0,0
817,AUS,Moorina,0,0,0,0
1024,NED,Starita,2,0,0,2
726,NED,Bem II,2,0,0,2
244,ESP,Spain-1,0,2,0,2
687,INA,Partenope,0,0,0,0
250,USA,Mound City Rowing Club-2,0,4,0,4
793,RSA,Impala,0,0,0,0
314,SWE,Swedish Star,2,0,0,2
1105,SWE,Humbug V,2,0,0,2
752,FRA,Favorite-17,0,0,0,0
753,FRA,Favorite-1,0,8,0,8
264,NOR,Lett,0,0,0,0
175,SWE,Gteborgs Roddklubb-1,0,0,0,0
241,SWE,Elsie,0,4,0,4
557,GBR,Liverpool Police Team-2,0,8,0,8
678,NZL,Red Dragon,0,0,0,0
133,MTN,Mauritania,0,0,0,0
981,BAH,John B,0,0,0,0
1040,JPN,Riccar,0,0,0,0
313,GBR,Hera-1,0,0,10,10
1064,JPN,Myojo,0,0,0,0
780,FIN,Inga-Lill XXXXIII,0,0,0,0
1157,FIN,Squid III,0,0,0,0
599,MEX,Mexico-2,0,0,0,0
781,MEX,Mexico-1,0,0,0,0
622,MAS,Malaysia-2,2,0,0,2
846,JPN,Miss Nippon V,0,0,0,0
279,ROU,Romania-2,0,0,0,0
574,ITA,Twins II,0,0,0,0
1018,FRA,Pupilles de Neptune de Lille-1,4,0,0,4
1143,AUS,Falcon IV,0,2,0,2
1098,AUS,Falcon VI,0,0,0,0
506,USA,St. Rose-2,12,0,0,12
51,JOR,Jordan,0,0,1,1
922,JAM,Miss Nippon IV,0,0,0,0
944,GBR,Bona Fide,0,0,3,3
1099,THA,Thailand-2,0,0,0,0
972,HUN,Olimpia,0,0,0,0
1113,NZL,New Zealand-2,0,0,0,0
568,FRA,Sarcelle-35,0,0,0,0
569,FRA,Sarcelle-3,3,0,0,3
941,SWE,Sif,0,0,4,4
1159,FRA,Mamie-4,0,0,0,0
1160,FRA,C.V.A.-14,0,0,0,0
613,FRA,Quand-Mme-33,0,0,0,0
1161,FRA,Singy-37,0,0,0,0
614,FRA,Quand-Mme-2,0,9,0,9
1162,FRA,C.V.A.-7,0,0,0,0
1163,FRA,Mamie-6,0,0,0,0
1164,FRA,Singy-7,0,0,0,0
283,NOR,Magda IX,0,0,10,10
1029,DEN,Denmark-4,0,0,0,0
842,USA,St. Louis Southwest Turnverein #2-3,5,0,0,5
1106,FRA,Astrid III,0,0,0,0
429,DEN,Anitra,0,0,0,0
576,CAN,Beaver,0,0,0,0
691,KIR,Kiribati,0,0,0,0
222,FRA,Socit Nautique de Bayonne,0,0,0,0
927,DEN,Nurdug II,0,3,0,3
1083,GER,Gustel X,3,0,0,3
1084,GER,Gustl XI,0,0,0,0
815,GBR,Leander Club #1-1,0,0,2,2
361,GBR,Leander Club-2,0,4,0,4
1085,THA,Thailand-1,0,0,0,0
578,SUI,Baccara,0,0,0,0
979,SWE,Rush V,0,0,3,3
978,SWE,Rush VII,0,3,0,3
822,GBR,Gyrinus-1,0,0,6,6
1165,NOR,Hamburg,0,0,0,0
889,NOR,Pan II,0,0,0,0
1166,FRA,Mac Miche,0,0,3,3
1167,FRA,Camille,0,0,1,1
466,DEN,Polyteknisk Roklub-1,5,0,0,5
875,GER,"Germania Ruder Club, Hamburg-2",0,0,5,5
788,TUV,Tuvalu,0,0,0,0
830,FRA,Kannibaltje,0,0,0,0
878,POR,Alcaid,0,0,0,0
373,GAM,Gambia,0,0,0,0
495,BUL,Bulgaria-2,0,0,0,0
794,USA,Missouri Athletic Club-3,11,0,0,11
238,GBS,Guinea Bissau,0,0,0,0
392,GBR,Devon and Somerset Wanderers,0,0,12,12
1043,URS,Neptun II,0,0,0,0
65,UAE,United Arab Emirates,1,0,1,2
190,FRA,Union des Socits Franais de Sports Athletiques,0,12,17,29
571,ARG,Argentina-1,0,0,0,0
351,CAN,Argonaut Rowing Club,6,0,0,6
99,NIG,Niger,1,1,0,2
785,NOR,Marmi II-1,0,3,0,3
355,NGR,Nigeria-1,0,0,0,0
1116,USA,Margaret,2,0,0,2
900,SWE,Sylvia,6,0,0,6
170,GUI,Guinea,0,0,0,0
220,MAD,Madagascar,0,0,0,0
1127,CAN,Scaup,0,0,0,0
127,TKM,Turkmenistan,0,0,0,0
561,NOR,Norwegian Rowing Association,0,0,0,0
471,NOR,Kristiania Roklub-1,5,0,0,5
247,NOR,Norway-1,0,0,0,0
100,MLI,Mali,0,0,0,0
488,GER,Great Britain/Germany,0,0,2,2
812,FRA,Pupilles de Neptune de Lille #1-3,0,0,0,0
747,BER,Bermudian,0,0,0,0
851,URU,Bajazzo,0,0,0,0
344,STP,Sao Tome and Principe,0,0,0,0
1070,USA,United States-11,0,0,0,0
758,SRB,Serbia-2,0,0,0,0
1141,NOR,Lyn-2,0,5,0,5
306,GRE,Greece-1,0,6,0,6
935,LES,Lesotho,0,0,0,0
744,GRE,"Phalainis ton Thorichtou ""Hydra""-2",7,17,0,24
1169,TUR,Cuxhaven,0,0,0,0
666,GBR,Great Britain-4,0,0,0,0
654,HKG,Phoenix,0,0,0,0
759,USA,United States-14,0,0,0,0
549,HUN,Hungaria,0,0,0,0
391,USA,Chicago Athletic Association-2,0,11,0,11
992,NOR,Lully II,0,5,0,5
630,CAN,Galt Football Club,0,0,13,13
414,GBR,Amateur Athletic Association,0,0,5,5
505,CAN,Trickson VI,0,0,0,0
947,CAN,Tomahawk II,0,0,0,0
516,NRU,Nauru,0,0,0,0
389,TUR,Marmara,0,0,0,0
297,DEN,Denmark-2,2,0,0,2
740,USA,"South St Louis Turnverein, St Louis",0,0,0,0
515,USA,St. Louis Southwest Turnverein #1-2,0,5,0,5
645,BEL,Brussels Swimming and Water Polo Club,0,10,0,10
174,ARG,Blue Red,0,0,0,0
461,BDI,Burundi,0,1,1,2
159,RWA,Rwanda,0,0,0,0
904,SVK,Slovakia-2,0,0,0,0
386,BEL,Suzy-2,0,0,0,0
1080,USA,New York Athletic Club,0,0,5,5
513,ARG,Arcturus,0,0,0,0
996,GRE,"Phalainis ton Thorichtou ""Psara""-3",0,0,0,0
246,NOR,Norway-2,0,0,0,0
379,FRA,Crabe II-12,0,0,0,0
381,FRA,Crabe II-1,0,5,0,5
382,FRA,Crabe II-4,5,0,0,5
1170,USA,Formosa,1,0,0,1
512,USA,New York Athletic Club-1,0,0,7,7
136,USA,New York Athletic Club #2-4,0,0,0,0
1171,BEL,Danzig,0,0,0,0
954,BEL,Tan-Fe-Pah,0,3,0,3
442,NED,Boreas-2,0,2,0,2
261,BOT,Botswana,0,1,0,1
596,NED,DeRuyter,0,0,0,0
943,NED,Mascotte,0,3,0,3
509,NED,Minerva Amsterdam,9,5,3,17
763,NED,Joy,0,2,0,2
764,NED,Thalatta,0,0,0,0
765,NED,Trintel II,0,0,0,0
1172,NED,Salinero,0,1,0,1
733,NED,Univ. of Brussels,11,0,0,11
841,BEL,Ubu,0,0,0,0
406,BEL,Lalage,0,0,5,5
871,RSA,Springbok,0,0,0,0
340,RHO,Rhodesia,0,0,0,0
337,DEN,Denmark-1,2,0,0,2
485,NED,Netherlands-2,0,0,0,0
216,IVB,British Virgin Islands,0,0,0,0
1077,USA,Atalanta Boat Club-1,0,0,2,2
1078,USA,Atalanta Boat Club-2,0,2,0,2
245,GRE,"Lemzos Thorichton ""Spetsai""-4",0,0,0,0
347,HUN,Hungaria Evezos Egylet,0,0,0,0
550,FRA,Libellule de Paris,7,0,0,7
441,MON,Monaco-1,0,0,0,0
735,FRA,Rowing Club Castillon-3,3,0,0,3
580,ESP,Ral-Club Barcelona,0,0,0,0
397,ALB,Albania,0,0,0,0
1005,GRE,Omas Helliniki P. S.,0,8,0,8
168,GRE,"Large boat, Central Naval Prep School ""Poros""-1",0,0,17,17
438,FRA,Tritons Lillois-2,0,5,0,5
81,MON,Monaco,1,0,0,1
803,GBR,Leander Club #2-2,0,2,0,2
716,NED,Daisy,0,0,0,0
835,NED,Kemphaan,0,0,0,0
657,USA,Chicago Athletic Association,0,5,0,5
422,GBR,Thames Rowing Club,0,5,0,5
479,USA,United States-10,0,0,0,0
352,GRE,"Life boat naval ship ""Spetsai""-1",0,7,0,7
730,DEN,Bonzo,0,3,0,3
1076,DEN,Hi-Hi,0,4,0,4
367,GER,Berliner Ruderverein von 1876-2,9,0,0,9
521,GRE,Panhellenios Gymnastikos Syllogos-1,0,0,0,0
221,MAL,Malaya,0,0,0,0
288,AND,Andorra,0,0,0,0
153,TOG,Togo,1,0,0,1
993,NOR,Sildra-1,0,0,4,4
315,BUL,Bulgaria-1,0,0,0,0
202,FRA,Martha-27,0,0,0,0
203,FRA,Martha-1,4,4,0,8
304,LAT,Latvia-1,4,6,0,10
869,PHI,Patricia,0,0,0,0
970,PHI,Kalayaan,0,0,0,0
156,ISL,Iceland,2,15,0,17
128,MRI,Mauritius,1,0,0,1
286,BOL,Bolivia,0,0,0,0
892,IND,India-2,0,0,0,0
1097,AUS,Maryke,0,0,0,0
975,GRE,Nephos I,0,0,0,0
1034,GRE,Zefyros,0,0,0,0
545,USA,Western Rowing Club-3,6,0,0,6
362,GRE,"Lemzos Thorichton ""Psara""-3",0,0,0,0
349,MKD,Macedonia,1,0,0,1
276,CRT,Crete,0,0,0,0
419,CZE,Czech Republic-1,6,4,0,10
848,ARG,Gullvinge,0,0,0,0
284,URS,Soviet Union-3,0,0,0,0
662,ITA,Esperia,0,0,0,0
1079,GER,Wendehals,0,0,0,0
973,GER,Macky VI,3,0,0,3
273,DEN,Tip,0,3,0,3
431,DEN,White Lady,0,0,3,3
942,ARG,Djinn,0,5,0,5
1174,EST,Brandenburg,0,0,0,0
680,HUN,Hungary-1,6,2,0,8
782,GER,Nirwana,0,0,0,0
818,AUT,30. Februar,0,0,0,0
778,AUT,May-Be 1960,0,0,0,0
800,EST,Tutti V,5,0,0,5
1175,HUN,Hungary-3,0,0,0,0
988,HKG,Hong Kong-2,0,2,0,2
865,BEL,Freddy,0,0,0,0
299,LAT,Latvia-2,0,0,0,0
409,CZE,Czech Republic-2,0,0,0,0
595,NED,Willem-Six,3,0,0,3
154,NAM,Namibia,0,4,0,4
728,NED,Hollandia,0,6,0,6
522,NED,Netherlands-1,2,0,0,2
494,GRE,Athens-2,0,0,0,0
547,VNM,South Vietnam,0,0,0,0
274,YUG,Yugoslavia-1,0,0,0,0
581,VIE,Vietnam,0,3,1,4
464,GER,Germania II,6,0,0,6
938,NOR,Irene,0,0,5,5
989,LUX,Luxembourg-2,0,0,0,0
1053,GER,Bellatrix IX,0,0,0,0
995,GER,Subbnboana,0,0,0,0
459,AUS,Buraddoo,3,0,0,3
143,SUR,Suriname,1,0,1,2
469,FIN,Nina,0,7,0,7
1037,FRA,Societ Nautique de la Marne-1,0,2,0,2
643,FRA,Societ Nautique de la Marne-3,0,0,0,0
598,FRA,Societ Nautique de la Marne,0,0,0,0
991,USA,Spirit VI,0,0,0,0
775,USA,Spirit III,0,0,0,0
931,RSA,Boer Team,0,0,0,0
555,GBR,Scotland-3,11,0,0,11
670,CAN,Santa Maria,0,6,0,6
525,GBR,Ceres II,0,0,0,0
140,USA,Mystery,0,0,0,0
746,NOR,Silja,0,6,0,6
1001,SWE,Sunshine,0,2,0,2
1173,SWE,Sjovinge,0,0,0,0
496,SWE,Marga-2,0,0,0,0
916,SWE,Vinga-1,0,5,0,5
786,SWE,Kitty-1,0,0,8,8
888,FIN,Sheerio,0,0,0,0
1045,IRL,Ireland-1,0,0,0,0
757,GBR,Ireland-3,0,4,0,4
776,HUN,Pannonia RC/National RC,0,0,0,0
821,NOR,Struten,0,0,0,0
122,UGA,Uganda,2,3,2,7
200,VAN,Vanuatu,0,0,0,0
795,BER,Pam,0,0,0,0
827,ANZ,Sydney Rowing Club,0,0,0,0
110,GUY,Guyana,1,0,0,1
949,GBR,Sorais-2,5,0,0,5
1133,GBR,Bohemia/Great Britain,2,0,0,2
749,GBR,United States/Great Britain,2,0,0,2
1176,FRA,Freia-19,0,0,0,0
1177,FRA,Freia-5,0,0,0,0
864,GER,"Germania Ruder Club, Hamburg",0,0,0,0
423,USA,"Davenport Turngemeinde, Davenport",0,0,0,0
898,BEL,Belgium-3,0,0,0,0
700,BEL,Belgium-2,0,0,0,0
1094,SWE,Hojwa,3,0,0,3
97,SOM,Somalia,0,0,0,0
158,SAM,Samoa,0,0,0,0
1052,USA,Three Star Too,0,0,0,0
1121,NZL,Harmony,0,0,0,0
1026,CAN,Argo II,0,0,0,0
497,CAN,Serendipity,0,0,0,0
967,NED,Barco Deloro,0,0,0,0
849,USA,United States-4,2,0,0,2
114,ANG,Angola,0,0,0,0
564,USA,United States Golf Association-3,10,0,0,10
451,USA,Angelita,0,0,12,12
436,WIF,West Indies Federation,5,0,0,5
625,GER,Gustel V,0,0,0,0
953,BEL,Zut,0,3,0,3
589,BEL,Antwerpia V,5,0,0,5
1022,FRA,Club Nautique de Lyon-2,0,4,0,4
157,ASA,American Samoa,0,0,0,0
1067,FRA,Rose Pompon,0,3,0,3
616,GER,Berliner Ruderclub Sport-Borussia-1,0,0,0,0
465,GER,Wannsee,0,0,2,2
49,ERI,Eritrea,1,0,0,1
1101,NZL,Pandora,0,0,2,2
1122,USA,Independent Rowing Club-3,2,0,0,2
887,GBR,Paka,0,0,0,0
263,GER,Frankfurt Club,0,15,0,15
325,FSM,Federated States of Micronesia,0,0,0,0
182,SWE,Sweden-2,0,4,0,4
301,SWE,Sweden-3,2,0,0,2
183,SWE,Sweden-1,0,2,0,2
359,GER,Pan,0,0,6,6
594,NED,Oranje,0,0,3,3
1179,GER,Satchmo,0,0,1,1
1178,LUX,Luxembourg-1,0,0,0,0
162,HAI,Haiti,5,1,0,6
334,USA,United States-3,2,0,0,2
551,CAN,Scram,0,0,0,0
1060,CAN,Glisten,0,0,0,0
467,ARU,Aruba,0,0,0,0
853,SWE,Ilderim,0,0,0,0
918,FIN,Raili,0,0,0,0
962,FIN,Ralia,5,0,0,5
921,SWE,Sans Atout-1,0,5,0,5
180,FIN,Lucky Girl-1,5,0,0,5
317,GBR,Wolseley-Siddeley-1,0,0,0,0
634,USA,Babe,0,0,0,0
527,USA,Chicago Archers,0,0,0,0
787,SWE,Vaxholm Roddklubb,0,0,0,0
341,GDR,East Germany-2,10,8,4,22
257,GDR,East Germany-1,8,10,24,42
734,USA,"Concordia Turnverein, St Louis",0,0,0,0
951,USA,United States-5,0,0,0,0
609,USA,Complex II,0,0,4,4
1072,USA,Frieda,0,0,0,0
784,USA,Llanoria,0,0,11,11
876,GBR,Omilos Ereton Smyrnis,0,0,0,0
617,GBR,Smyrna,0,11,0,11
984,PRK,North Korea-2,0,0,0,0
93,FRA,France-1,11,7,4,22
1181,CHI,Mainz,0,0,0,0
544,INA,Indonesia-2,0,0,0,0
176,INA,Indonesia-1,4,6,4,14
554,NED,Amstel Amsterdam,4,0,0,4
233,NOR,Heira II,0,0,9,9
934,FRG,West Germany-3,0,0,0,0
481,GER,Aschenbrodel,0,4,4,8
501,GBR,"New College, Oxford-2",0,9,0,9
487,SWE,Slaghoken II,0,0,3,3
994,NOR,Noreg,0,0,0,0
1182,SWE,Solos Carex,0,0,0,0
529,SWE,Roddklubben af 1912-1,0,5,0,5
530,SWE,Roddklubben af 1912-2,0,0,0,0
814,GER,Ludwigshafener Ruder Verein-1,5,0,0,5
302,GER,Ludwigshafener Ruderverein,0,0,5,5
528,BEL,Royal Club Nautique de Gand,0,21,0,21
514,BEL,Belgium-1,5,0,1,6
1021,USA,Kathleen,0,0,2,2
160,DMA,Dominica,0,0,0,0
504,GBR,Cambridge University Boat Club-2,9,0,0,9
192,SLE,Sierra Leone,0,0,0,0
172,BIZ,Belize,0,0,0,0
1155,USA,Glider,0,2,0,2
139,VIN,Saint Vincent and the Grenadines,0,0,0,0
648,GBR,Wales-4,11,0,0,11
1044,USA,Potomac Archers,0,0,4,4
142,LBR,Liberia,0,0,0,0
292,ANT,Antigua and Barbuda,0,0,0,0
135,SKN,Saint Kitts and Nevis,0,0,0,0
137,TTO,Trinidad and Tobago,17,8,7,32
395,COK,Cook Islands,0,0,0,0
690,GBR,Cornwall,0,15,0,15
312,GRN,Grenada,0,1,1,2
390,GBR,Moseley Wanderers,0,15,0,15
1059,GBR,Roehampton-1,0,0,4,4
500,CAN,Caprice,4,0,0,4
659,GBR,Scotland,0,0,0,0
660,GBR,Scotland-2,0,0,0,0
737,CAN,Mad Dog,0,0,0,0
908,AUS,Hornet,0,0,0,0
103,CRC,Costa Rica,2,1,1,4
88,SRI,Sri Lanka,0,2,0,2
3,DEN,Denmark/Sweden,0,0,6,6
269,SOL,Solomon Islands,0,0,0,0
1042,FIN,Lynn,0,0,0,0
226,CAY,Cayman Islands,0,0,0,0
693,AUS,Diablo,0,0,0,0
294,CAN,Canada-3,0,0,0,0
1152,SWE,Lasha,0,0,0,0
542,GBR,Hurlingham-2,0,4,0,4
444,USA,"New York Turnverein, New York",0,6,0,6
354,TGA,Tonga,0,1,0,1
358,LIE,Liechtenstein,5,2,2,9
579,GBR,Cobweb-1,0,0,5,5
346,GBR,England-1,0,12,11,23
1151,USA,Vim III,0,0,0,0
676,USA,Western Golf Association-1,0,0,10,10
604,GBR,K Division Metropolitan Police Team-3,8,0,0,8
1081,GBR,Titia,0,0,0,0
640,USA,Cincinnati Archers,0,4,4,8
754,USA,St. Louis Amateur Athletic Association,0,12,0,12
155,AHO,Netherlands Antilles,0,1,0,1
948,CAN,Whirlaway,0,0,0,0
1027,CAN,State VI,0,0,0,0
868,HUN,Hungary-2,0,0,0,0
364,GBR,Great Britain-3,4,2,0,6
558,AUS,Vinha,0,0,0,0
543,GBR,Leander Club-1,0,0,18,18
278,GER,Germany-3,0,0,0,0
208,BAH,Bahamas,13,11,12,36
646,GBR,Ancora,0,0,4,4
1180,GBR,Sea Dog-2,0,0,0,0
789,USA,A North American Team,4,0,0,4
345,CAN,Toronto Argonauts,9,9,0,18
131,GBR,Great Britain-1,4,10,20,34
825,GER,Paka V,0,0,0,0
926,USA,"Milwaukee Turnverein, Milwaukee",0,0,0,0
1150,CAN,Windor,0,0,0,0
189,ANZ,Australasia,5,4,20,29
251,TLS,Timor Leste,0,0,0,0
618,TPE,Chinese Taipei-2,0,0,0,0
145,NEP,Nepal,0,0,1,1
1183,JPN,Dow Jones,0,0,0,0
1140,JPN,Danaldo,0,0,0,0
289,JPN,Japan-2,0,0,0,0
607,MAS,Malaysia-1,0,2,0,2
194,PNG,Papua New Guinea,0,0,0,0
92,BEN,Benin,0,0,0,0
895,UKR,Ukraine-1,2,0,0,2
117,BAN,Bangladesh,0,0,0,0
161,GBR,Great Britain-2,14,10,4,28
46,IRL,Ireland,13,13,9,35
199,FIJ,Fiji,0,0,13,13
150,RUS,Bylina-2,0,0,0,0
235,BAR,Barbados,1,0,0,1
1075,URS,Persey,0,0,0,0
271,SEN,Senegal,0,1,0,1
18,CHA,Chad,0,0,0,0
91,KEN,Kenya,31,41,34,106
151,PLW,Palau,0,0,0,0
894,JPN,Roy,0,0,0,0
608,CAM,Cambodia,0,0,0,0
219,CAF,Central African Republic,0,0,0,0
76,CGO,Congo (Brazzaville),0,0,0,0
104,PAN,Panama,2,0,1,3
141,JAM,Jamaica,44,75,38,157
188,BER,Bermuda,1,0,0,1
20,SUD,Sudan,0,1,0,1
55,DJI,Djibouti,1,0,0,1
57,COM,Comoros,0,0,0,0
260,LAO,Laos,0,0,0,0
224,GUM,Guam,0,0,0,0
343,TPE,Chinese Taipei-1,0,0,0,0
112,POR,Portugal,24,7,4,35
59,BRU,Brunei,0,0,0,0
621,PRK,North Korea-1,2,0,0,2
267,KOR,South Korea-2,8,4,4,16
850,KOR,South Korea-1,18,6,6,30
50,TAN,Tanzania,0,2,0,2
184,THA,Thailand,13,8,9,30
266,PRK,North Korea,33,16,16,65
179,KOR,South Korea,159,222,211,592
138,DOM,Dominican Republic,2,2,3,7
205,CAN,Canada-2,0,2,0,2
476,TPE,Chinese Taipei,18,28,3,49
318,HKG,Hong Kong,1,0,1,2
237,ESP,Spain-2,0,2,2,4
33,NGR,Nigeria,46,30,23,99
332,MAW,Malawi,0,0,0,0
75,JPN,Japan-1,0,2,0,2
121,FRA,France-2,4,0,0,4
126,ECU,Ecuador,0,1,1,2
167,ARG,Argentina-2,0,0,0,0
72,TJK,Tajikistan,2,1,1,4
777,FIN,Bella,0,0,0,0
223,BIH,Bosnia and Herzegovina,0,0,0,0
40,LIB,Lebanon,2,2,0,4
101,AFG,Afghanistan,2,0,0,2
790,GRE,Nirefs,0,0,3,3
791,GRE,Proteus II,0,0,0,0
96,GHA,Ghana,22,1,0,23
67,INA,Indonesia,9,11,7,27
39,UAR,United Arab Republic,1,1,0,2
1096,POL,Danuta,0,0,0,0
620,BHU,Bhutan,0,0,0,0
36,BRN,Bahrain,1,1,1,3
855,GRE,Peiraikos Syndesmos-2,0,0,0,0
217,MOZ,Mozambique,1,0,1,2
164,MLT,Malta,0,0,0,0
209,GUA,Guatemala,0,1,0,1
211,URS,Druzhba,0,0,0,0
48,RSA,South Africa,52,47,32,131
254,GAB,Gabon,0,1,0,1
398,ROU,Romania-1,2,0,0,2
405,ITA,"Marinai della nave da guerra ""Varese""",17,0,7,24
113,PAR,Paraguay,0,17,0,17
119,ESA,El Salvador,0,0,0,0
68,PHI,Philippines,7,3,0,10
185,ITA,Italy-2,4,10,0,14
248,ITA,Italy-1,14,8,14,36
532,ITA,Bucintoro Venezia,0,0,8,8
206,CAN,Canada-1,12,8,16,36
400,ISR,Israel-2,0,0,0,0
1149,GRE,Greece-4,0,0,0,0
307,GRE,Greece-2,2,0,0,2
44,GRE,Thessalonki-1,11,0,0,11
253,COD,Congo (Kinshasa),0,0,0,0
290,AUT,Austria-1,4,16,12,32
291,AUT,Austria-2,2,2,0,4
74,JPN,Japan,357,307,247,911
35,KUW,Kuwait,2,0,0,2
268,BRA,Brazil-2,4,2,0,6
225,BRA,Brazil-1,2,12,6,20
540,GBR,Upton Park FC,0,0,11,11
1139,LIB,Maid of Lebanon,0,0,0,0
118,PER,Peru,0,14,1,15
38,IRQ,Iraq,1,0,0,1
125,HON,Honduras,0,0,0,0
31,NCA,Nicaragua,0,0,0,0
492,EUN,Unified Team-1,0,0,4,4
844,BOH,Bohemia-1,0,0,0,0
961,SVK,Slovakia-1,0,0,0,0
971,BOH,Bohemia-2,0,0,0,0
295,TCH,Czechoslovakia-3,0,0,0,0
370,TCH,Czechoslovakia-2,0,0,0,0
350,BOH,Bohemia,10,1,0,11
41,QAT,Qatar,4,1,0,5
120,PUR,Puerto Rico,6,2,1,9
71,KGZ,Kyrgyzstan,2,1,0,3
86,SWE,Sweden,507,476,451,1434
64,ETH,Ethiopia,22,9,22,53
204,MDA,Moldova,5,3,0,8
1158,SGP,Singapore-1,0,0,0,0
1147,CHN,China-3,2,0,0,2
860,KOS,Kosovo,0,0,1,1
567,CHN,China-1,10,14,28,52
566,CHN,China-2,12,8,14,34
330,UKR,Ukraine-2,0,0,0,0
331,RUS,Russia-3,0,0,0,0
353,AUS,Australia-1,2,0,2,4
303,AUS,Australia-2,0,0,0,0
69,SGP,Singapore,4,4,1,9
166,USA,United States-2,20,14,17,51
213,URS,Soviet Union-1,0,4,22,26
212,URS,Soviet Union-2,12,12,0,24
393,EUN,Unified Team-2,2,2,0,4
129,SEY,Seychelles,0,0,0,0
85,URU,Uruguay,30,2,31,63
6,FIN,Finland,415,263,198,876
287,SAA,Saar,0,0,0,0
308,FRG,West Germany-2,0,0,2,2
339,FRG,West Germany-1,14,10,2,26
165,USA,United States-1,30,33,38,101
56,PLE,Palestine,0,0,0,0
147,GER,Germany-2,11,4,14,29
177,GER,Germany-1,22,20,28,70
123,SUI,Switzerland-2,4,10,8,22
1168,SRB,Serbia-1,0,0,0,0
326,MYA,Myanmar,0,0,0,0
62,SYR,Syria,1,1,1,3
47,AUS,Australia,511,453,342,1306
95,GBR,Great Britain,572,582,519,1673
369,TCH,Czechoslovakia-1,0,2,0,2
242,ITA,Roma,0,0,0,0
452,BUR,Burkina Faso,0,0,0,0
1123,GRE,Marie-Tim,0,0,0,0
169,CYP,Cyprus,0,1,0,1
969,YUG,Yugoslavia-2,0,0,0,0
19,AZE,Azerbaijan,25,12,7,44
360,MNE,Montenegro,0,14,0,14
89,ARM,Armenia,9,5,2,16
16,BUL,Bulgaria,144,144,54,342
70,UZB,Uzbekistan,17,7,10,34
552,ISV,United States Virgin Islands-2,0,0,0,0
553,ISV,United States Virgin Islands-1,0,0,0,0
54,BEL,Belgium,154,161,94,409
90,CIV,Cote d'Ivoire,1,1,1,3
258,SMR,San Marino,0,0,0,0
15,IRI,Iran,29,21,18,68
8,ROU,Romania,290,200,161,651
215,SRB,Serbia,41,29,15,85
197,IOA,Individual Olympic Athletes,3,1,1,5
111,NZL,New Zealand,82,56,85,223
52,TUN,Tunisia,7,3,3,13
53,LBA,Libya,0,0,0,0
26,CMR,Cameroon,1,1,20,22
34,ALG,Algeria,8,4,5,17
635,POL,Poland-2,0,0,0,0
12,MAR,Morocco,12,5,6,23
79,FRG,West Germany,219,184,155,558
1184,DEN,Digby,1,0,0,1
2,DEN,Denmark,162,223,168,553
132,LUX,Luxembourg,0,4,4,8
37,PAK,Pakistan,34,45,42,121
115,VEN,Venezuela,10,3,2,15
61,KSA,Saudi Arabia,5,1,0,6
1089,ITA,Voloira II,0,0,0,0
87,ISV,United States Virgin Islands,0,1,0,1
191,SCG,Serbia and Montenegro,26,26,12,64
27,TUR,Turkey,28,27,40,95
9,EST,Estonia,20,12,13,45
14,EGY,Egypt,12,8,7,27
42,MAS,Malaysia,3,9,0,12
80,GDR,East Germany,263,309,369,941
336,ZAM,Zambia,1,1,0,2
23,CUB,Cuba,116,127,164,407
29,MEX,Mexico,51,26,30,107
78,BRA,Brazil,185,161,103,449
124,SUI,Switzerland-1,30,22,20,72
146,MGL,Mongolia,14,10,2,26
28,CHI,Chile,20,9,3,32
116,COL,Colombia,14,8,5,27
1,CHN,China,268,325,308,901
107,CRO,Croatia,37,54,58,149
83,ISR,Israel,7,1,1,9
13,ESP,Spain,136,239,108,483
17,ITA,Italy,484,508,535,1527
60,IND,India,40,19,138,197
229,SVK,Slovakia,13,19,15,47
207,YUG,Yugoslavia,93,167,130,390
134,CZE,Czech Republic,60,32,42,134
311,ZIM,Zimbabwe,1,4,17,22
73,EUN,Unified Team,79,69,123,271
105,GEO,Georgia,18,6,8,32
98,LAT,Latvia,9,13,3,25
106,SLO,Slovenia,27,13,8,48
108,RUS,Russia-2,0,10,2,12
94,UKR,Ukraine,98,52,47,197
7,NOR,Norway,281,330,299,910
32,HUN,Hungary,365,330,432,1127
43,GER,Germany,678,627,679,1984
45,CAN,Canada,408,413,422,1243
10,FRA,France,577,518,455,1550
148,AUT,Austria,150,168,95,413
77,SUI,Switzerland,231,213,144,588
4,NED,Netherlands,390,321,277,988
58,KAZ,Kazakhstan,32,25,20,77
152,LTU,Lithuania,48,7,6,61
30,URS,Soviet Union,677,716,1058,2451
25,GRE,Greece,62,70,42,174
130,TCH,Czechoslovakia,182,223,81,486
109,RUS,Russia-1,8,6,22,36
22,ARG,Argentina,91,84,91,266
5,USA,United States,1233,1512,2474,5219
21,RUS,Russia,393,351,366,1110
24,BLR,Belarus,71,44,24,139
348,POL,Poland-1,0,2,0,2
102,POL,Poland,253,193,117,563
